1.53705276905,-1.51429063132
-0.269492838051,-0.76408262821
0.834212535411,-1.59061537957
1.70977528811,-0.863422287213
0.735569370175,-0.95995900312
1.57202620569,-0.559235898262
1.60686264155,-2.44362933928
1.497550915,-0.0906194697532
1.01920842964,-2.26264922439
0.339620137411,-3.35191275633
2.58378948926,-3.08905035276
0.061362825158,-0.395158984064
0.304715232753,-1.41169344752
0.959557253919,-2.23122655155
1.69567514979,-0.386535181926
1.03948608067,-0.861654324133
1.12421198825,-2.09212800763
0.852040416133,0.157201327006
1.72587345483,-3.3736879498
1.98319939511,1.12695750489
0.941899059941,-1.97222514316
1.71984391513,-1.73906166948
2.26196907521,-2.25603616281
1.22898242105,-3.84960071261
0.917643548368,0.401898160249
2.12279585894,-2.12708916131
1.89627016236,0.48452204067
0.87720188357,-0.0298759437374
-0.0321996711379,-3.13467771256
1.70761175021,-0.300784940349
2.25624814154,-1.49747083507
-0.143560564082,-1.73210071671
0.794038857061,-2.09992876024
3.82425163305,-0.500840510917
0.730264160948,-2.41793553827
0.348706891682,0.143286660371
0.617266849127,-2.0293249827
1.31390206583,-0.0624777469206
1.02048828715,-0.991460568416
0.994379244976,-3.6944442481
0.996870546064,-0.679450775215
0.0111678432612,0.123973270845
1.18320895107,-0.340457482606
1.93490534524,-0.993179874029
-0.268405720611,-1.24280165561
0.186093530358,-0.452655712468
-0.0297750893603,-1.63080085628
0.71712637928,-0.968308557799
0.522556070872,0.16444829281
0.199637141655,-2.73648150928
-0.210972419499,-0.466599111558
1.74466938532,-1.33098785189
0.614195929205,-0.659533893557
1.09026930147,-1.73083913183
1.1385761784,-0.155656900683
0.628731706209,-1.03489279552
1.79678214755,-1.78229103313
1.89109930463,-0.965923047738
2.71470528018,-0.94947588759
1.20806169421,-0.671194520144
0.53556514278,-0.994107842052
1.91817185701,-2.32935744149
0.136215986821,0.400304578097
0.558986459681,-0.451945916118
1.53907169633,-2.37547925184
2.56689826263,-1.63802876552
0.0516653472077,0.0529167321027
1.00333857105,-0.260446266635
2.27040178978,-0.0697560322699
-0.72764895666,-2.80552386869
2.08988499109,-0.859044408827
2.56487714695,-2.25020666124
0.604437830825,0.108481734736
0.332150014341,-0.180454073853
2.23513877577,-1.07384079948
-1.06543848234,0.547158859775
1.19771202359,-0.269655255018
2.00407204326,-0.244368739514
0.198375555109,-1.28785969282
1.1086266322,-1.58281774865
0.142200316475,-0.834607907194
1.31256139811,-1.97745800358
1.68888933093,-2.64043572947
0.469501051403,-1.21614927979
0.152188977669,-0.998968591386
0.230165289634,-0.590621211586
2.12960933655,-1.41397757191
2.41840277591,-2.90221654931
1.03598725291,-0.225201841652
0.790090215344,0.187309564254
2.28514170094,0.149614733495
-0.940444800031,-2.21940113453
1.12303711888,-0.0513967624107
-2.12441026616,-0.130966914303
2.37820058731,-0.898510832085
2.10306996042,-1.63984465132
0.947638168528,-0.963206520372
0.893165103235,1.16944129186
2.24494525011,-0.446039383161
1.39012930288,-1.26144881832
-0.920683048938,-0.550233148645
0.314227910579,-2.23581184139
-0.204135127658,1.01395061872
2.94331771188,-0.783741984686
1.90313840224,-0.924064146414
0.114647784762,-1.47957131221
-1.03808539068,-2.77766365151
1.21856329555,-2.30442368746
3.83426087506,-1.18539044702
0.0288270144326,0.390199624717
1.83804762055,-0.96845584201
1.67479184649,-1.52289920778
2.05353515298,-0.813382331188
1.1142524375,-0.018571127162
-0.235954554236,0.413702288891
2.02766045399,-1.8890561442
1.83435980713,-0.807768300827
2.13895513347,0.15226693804
2.18111850736,-0.418226733025
0.208968345266,-0.831846607815
0.493332762405,-1.50122405505
0.348683456375,-1.58404912039
2.66273911125,-0.317493551141
1.11349206249,-0.806993077145
1.31203616511,-0.271885650841
0.867817378836,0.0229458162719
-0.365358657903,-2.34583563786
-0.262915767805,-1.01351310626
1.2660881611,-2.6944650875
2.85042001718,-0.607375601724
3.04508384383,-2.51168748624
0.620538707354,-2.46299880211
0.125679726536,-1.1222035461
-0.519884906096,-0.730890548343
2.96719051733,0.558279003071
0.280670458,-0.208763880386
0.334594639567,-0.638514161048
1.20519251694,-1.78027172796
-0.971969854161,-0.169622220833
-1.14506136789,-1.55338557494
0.726573870957,-1.17061853012
0.225073569859,-0.772543574341
2.35862141086,-0.352669121582
-0.0949608322133,-0.508698755545
0.591009601252,-1.75754773567
0.69291621026,-0.747626648741
0.777898136679,-1.78249374435
0.794839327901,-0.0159734715238
1.29101692297,-0.529652607702
1.74999707059,-1.39991410346
1.53643008073,0.038299251409
1.71530065839,-3.51463716058
2.46764684601,-2.65037661095
1.51097756268,-1.41189302173
1.1851894634,1.57370494415
-1.01764016926,-0.840955736629
2.0460514031,-0.670224020093
3.26546869132,-0.218034665849
-0.495924643556,-1.14589397349
0.0947143084441,-1.13157222086
1.31340536344,-2.03636950897
-0.555222938458,-1.18248563711
0.415267403631,-1.03819609442
0.778063764523,-0.1057032032
1.37914213694,-0.639260777319
-0.212298104555,-1.19708540422
-0.676352181985,-1.83161859006
0.594387279899,0.58144240432
3.2359970229,-0.398917199331
0.711818846414,-0.0967069540563
1.97289140648,-0.809103247837
-1.62899601959,0.658195966882
2.45722921465,0.0138896970183
1.369448418,-1.60724827955
3.58677959743,0.79323757578
1.46040564042,-2.03175169894
2.7185187131,-1.32779068697
1.3687693139,-1.7671543077
3.77201685534,-0.647858468343
0.748663165885,-1.3494798394
-0.201936737542,-1.7244921005
0.296990021256,-0.969198045992
1.463335603,-1.86426744102
-0.0860978586886,-0.544613314253
2.35490883782,-0.400819970344
3.20874320435,-1.02602265585
2.17077193282,-1.27479141603
0.808216479282,-0.797520429075
1.52051648863,-0.337250524608
-0.861999405098,0.0901644409549
1.15679539935,0.5411692858
1.94954269403,-2.42529630026
1.55025180143,-1.76478466172
1.01179526133,0.0166778748371
2.59290195841,-0.852725925731
1.77949920834,-1.3778742782
0.71734638199,-0.296218533131
0.535156435254,-0.77911251796
-0.895511656817,0.523433926827
-0.0666316843861,0.262868149943
6.25042655729,-3.45853829845
3.97217301223,-4.69757282671
6.88030146441,-4.60385926149
4.70489612612,-4.786608258
4.57646798088,-4.66963262837
5.77321895858,-4.72420871781
7.09357021051,-3.19023860636
5.14437960807,-5.37009721065
5.48299315194,-3.00875194359
2.86738789142,-2.89471266948
5.17052844787,-4.58503010104
4.96595326971,-5.3048177846
6.14302562357,-5.55891549909
5.32672479362,-6.96234799628
7.02178166163,-5.06379295341
5.0359668207,-3.2833805981
4.85846657046,-3.47536175353
7.1280686665,-4.36204813642
5.183137272,-4.71856102727
5.09023350852,-3.7624064678
6.29252437137,-3.95496292771
4.30027138638,-4.3329512352
4.36931038799,-3.59165964549
4.96347584287,-6.21242830487
4.85317952534,-5.50293946514
4.90620490888,-4.42081864543
4.59304561171,-4.69673375849
6.01753313309,-3.26813574014
5.48391831387,-5.30796327878
5.72401199636,-4.14653533121
5.72863576981,-4.48505827559
6.400462052,-3.21229873368
5.98024210957,-5.87358952456
5.7954819078,-4.42871926589
4.8897390757,-2.61762884748
5.1586740448,-4.90300343527
5.66427591237,-3.88169890479
5.6095982808,-3.65650731004
4.47580585347,-4.35565306845
6.68453214423,-4.13045283301
4.56090421755,-5.08850743693
4.79493964313,-4.69471827985
4.46455448755,-4.27935688882
6.3364549177,-2.70817486955
5.07669081367,-3.15540324005
5.34672305382,-2.39015965889
5.15054240859,-3.61343084669
6.6985563805,-3.49051535276
5.79057593443,-5.86367588226
8.10079831426,-5.03081427957
6.96687135059,-6.15763003296
4.26610293972,-4.93381170631
4.59611808532,-4.5557476824
6.23503434408,-4.16450998012
6.43626245323,-3.8313642361
5.74098145955,-3.21666234543
6.30788583891,-4.30963018213
5.11070415356,-4.28490918887
5.91379564395,-3.96667475463
5.69413048745,-4.67504115592
6.14164721881,-4.67042636086
6.08486766478,-7.58858406948
6.00455307869,-3.73860777045
3.65249585366,-6.24220943089
5.99346633404,-3.62962470622
6.24944640049,-4.80851740053
5.02181609835,-5.28429194947
3.76174118469,-3.39453224934
7.38046074713,-4.65678024618
6.39465649188,-3.72694001427
4.55705502652,-4.80289045426
6.53911115376,-3.01419180207
7.47126271818,-4.98308609363
7.46389576749,-5.1061565884
4.53377780601,-4.8408321469
5.92613358979,-5.17657342668
5.4902732169,-3.59367425858
5.09898111308,-5.18223194635
4.15778784997,-4.27794244708
6.69457140469,-4.19682464504
5.78818221005,-4.64926813208
6.79953334971,-4.71360008486
5.16892894462,-5.90172577548
3.7602051664,-3.82741993348
5.81182157222,-4.6863344551
5.10804809934,-5.81755720116
5.09907195747,-5.90386885269
5.19843252912,-2.20877662838
6.43041636961,-4.83969491694
6.24020555036,-6.23974231782
5.24239808988,-3.71317863348
5.58366233261,-3.00465920689
6.45973117859,-6.71153891898
6.1790614881,-3.09543637563
5.55246162038,-3.91939405861
4.89293074917,-5.55090479768
6.71156307805,-5.65795670002
4.56517218251,-4.36560482605
4.53314495137,-6.22080279395
4.01812015528,-4.56616432916
5.61737693091,-4.57078600061
5.72614336605,-4.04021814812
6.03483662189,-3.98406601897
4.04729363786,-4.79744836046
5.93775837639,-4.90112221035
6.49328294831,-5.67728382924
5.26728089699,-3.58383620395
5.91430533667,-6.0796158464
5.51562534472,-5.43000401917
4.67024446929,-5.27117635834
6.72802974527,-4.33084536995
4.31348007854,-5.02752930593
5.52996053532,-4.02341327256
3.56501179666,-3.91614798988
4.47454243019,-4.63049041465
7.30790094173,-4.18611419626
4.84558664191,-4.77578277329
4.77295226007,-5.03903739151
6.11730704714,-1.5517877083
4.63775169224,-3.03300301311
6.38105375874,-4.49606084079
5.73388977259,-2.17201747223
6.46120019075,-4.5757862424
6.27093052936,-5.14278267362
7.04353524181,-4.06828597815
5.07527240607,-5.07730241077
4.41825181121,-3.68407206155
4.80411569132,-5.11720481505
5.45354106601,-3.8131451575
6.09952943156,-4.1935465675
5.2761996932,-3.83177814893
5.68098872114,-3.25537366037
6.91543132018,-4.13090810994
3.48890839607,-4.01275466673
6.72271791636,-3.35028647886
6.49150649691,-4.54634055114
5.77803602357,-5.62883107487
5.64457082802,-4.90345248466
5.9375804016,-4.51996431142
4.1939478247,-4.75513570645
3.97740377349,-4.87835326965
6.69218523449,-4.55477348368
6.21806712307,-2.75538666939
6.17559573552,-4.89100796101
8.67731392825,-4.39221235604
4.83617316851,-2.96187167383
5.15918210477,-3.12843466985
4.59975824454,-4.73922010239
6.60271635125,-3.0817219898
5.55908561739,-2.6232879502
7.18126362461,-4.52148459763
5.26150071348,-4.5110440557
6.95186943103,-5.05864611932
5.75056569239,-4.96588159125
5.40439760737,-7.19999372395
5.91794100821,-4.75627727682
6.63545198484,-4.73343027903
4.78854158286,-4.41251724873
5.28574709898,-4.17249972083
6.56089002543,-4.23877285514
4.33460314973,-5.67560641818
4.88293997572,-4.85544306957
6.80570219137,-4.27588081419
4.85237100893,-5.72327160571
6.33500656612,-4.40565215724
5.09659844321,-4.60561050943
6.9336651716,-3.66544089151
5.99970470273,-4.92593304575
5.47061198459,-3.84573676858
6.82297725243,-5.05476088745
3.99628327275,-4.09397986574
5.3807711625,-3.04702788984
5.43322162711,-5.40398237059
4.54019330164,-3.82574378679
5.68813940064,-5.33260411824
5.09972555079,-4.73177395225
6.01918548422,-5.20193671377
5.6327002125,-3.25216590145
3.98697338144,-4.82625660334
4.44980388812,-4.31103054327
6.81609717378,-2.40720684897
3.34355903449,-5.89457334665
5.33620967362,-5.38556038749
4.36517744506,-5.87905037408
5.61491822494,-2.96957205984
6.34570426545,-4.33716056008
3.48656774621,-4.19054158068
5.86732013897,-3.36228199363
4.07032512278,-3.18536232306
7.56448606373,-3.26808542805
6.01123076062,-4.66120898261
4.39998708698,-4.08383855499
3.38211765049,-4.23323099706
6.0290617167,-4.3584382496
5.29472820878,-4.4063614685
5.67958593314,-4.02896514533
5.41446094557,-3.26009323677
5.25018130468,-4.09379162629
4.39412385128,-5.5782635434
7.31995159586,-4.77008732338
2.29448753845,2.77086401794
0.558062041967,3.2001655927
-0.262770111992,2.67010469338
1.40199162694,5.0555487498
0.764995060051,3.88216538074
1.44412057844,2.50492296308
0.248767377723,3.44993671773
0.195057242014,3.36130001514
2.30161145324,4.72947125727
-0.00822525031995,2.6100178499
1.27213490969,4.9330770744
0.539239885205,4.70992300736
0.522558983232,4.66512157416
1.56006462661,5.268362044
1.43647443856,4.56605626536
0.912721112761,4.79043257975
1.97851936238,4.82854712137
0.253394042132,2.34639226626
1.86698562717,3.42262257039
0.733589175914,4.89966816816
3.25823560806,4.54589021788
0.906469206615,4.31731201786
-0.483026460285,4.99020663051
-0.079835676413,2.64642455916
-0.482384858648,3.90184733145
1.53817738845,4.3278780001
-0.841606184319,4.13870298887
-0.587177960599,4.12381413368
-1.02180903091,4.41821032841
1.61316229584,4.38443552942
-0.0349938220612,3.39272341794
3.06513479291,4.75266986199
0.846903636969,4.24206638354
1.6235873704,5.42688056525
1.89388681446,2.2983402416
2.13883450732,3.63613193802
0.40074085461,6.60030673491
0.890653613127,3.18241252411
1.15288155587,2.94958244105
1.22590200782,4.07976975165
1.05029248105,3.10743876429
-0.230640975552,4.61240512656
1.34112752318,4.33552503579
0.737983796179,3.87744392064
0.760432094376,3.08871291445
0.10609050644,4.25862967906
0.442385302431,5.15109180359
0.933529988167,4.77599795539
-0.242548963788,2.0291329572
1.00513809726,5.58138945061
0.323031136591,5.23521428218
2.44752300696,3.53598027493
1.34674617661,3.45539795966
1.02151383919,4.08169624886
-0.122804341279,4.30742655272
0.799544624643,3.43869372206
0.604681425558,3.44016245271
1.6456682183,3.29009970193
-0.424385761894,5.67941895648
2.40526432174,3.30845969404
0.573731445945,2.96172310484
1.26569737968,3.79473268355
1.00060010683,4.7341441497
0.0810482540701,3.24732643485
1.29380190289,3.97700779098
0.62484921053,5.26770165625
-0.274343646498,3.07687330891
2.31841128281,5.11163582235
2.91647993796,3.89385173095
3.5888500667,2.14886001779
-0.811864141682,5.48979536704
0.303474213919,6.06950688716
2.3109831899,3.66042507518
1.07485745706,4.19377733598
1.45006146378,4.4766829792
-0.118411359778,3.9457889119
2.11763904975,5.14634840929
1.87646916124,3.6411926684
1.39579393005,3.66514018397
0.259438622007,3.65218585236
-1.32454641995,4.14599051023
1.24569157635,3.81380535761
1.26561435977,4.55763462273
1.15813679584,2.62825088395
1.06555870862,3.66102494242
0.995753038367,5.22108147604
1.16393545329,2.86158778981
0.798532181787,4.96364872407
1.17330157657,4.35328779625
1.30407250549,4.83391015895
1.84492730187,3.4747205555
1.81769415521,4.11169825086
2.75782322355,3.62525373962
2.40729995518,3.37103593895
-0.520820353497,2.73402487958
1.96199431991,4.232228329
1.53128078764,5.40489104331
0.93586110976,3.34090839811
0.338841157556,5.31412536185
1.07349963756,4.1632240601
0.651598906655,2.5662402178
1.61350484757,3.81870577024
1.85538766784,2.45525166703
0.594306358692,4.57728022549
1.86101754989,4.33151797196
1.0639459011,5.5790280821
-0.412122646669,5.2105021629
2.05772172345,5.20860517182
0.946174588747,4.43291504768
0.737412025479,3.02317947061
1.21141914046,4.46528640485
1.90257083123,5.81005773098
-0.199650205774,3.70896996245
2.70582890727,3.34232482509
0.105866290684,4.65920919722
1.97578175667,3.27449765912
1.19655814873,2.6317034202
1.85421799803,3.25741963217
2.48490367216,4.7660346357
1.31639195555,3.53849959815
1.14182171537,5.03718743031
-0.550006151063,5.92254431991
0.754661819286,3.18663263513
1.83950444217,3.30884392483
1.08419896482,3.27600650219
0.312144876657,3.55794513843
0.0736365038123,4.76338922284
3.25851572962,3.87061473924
2.88875080196,1.98161258711
1.4558544773,5.05969677237
-0.172439067164,4.52609276555
1.27061708127,4.88524419277
0.356919554671,1.98906800393
0.873750962405,3.99843130064
-0.0723478413837,3.39478060867
1.91515004444,5.43804353466
1.51298673545,3.05913181886
-0.706634584176,3.10884402656
1.88388431357,3.56859287268
-0.080454342354,3.06721977457
0.373818408604,3.35969445154
2.02750887821,5.12400741731
1.13570924846,4.62269531514
2.05451746412,5.40170498765
1.26159941996,4.3952088562
-0.488746634261,4.75825138038
2.01223026324,4.01448866381
-0.346932590637,4.06817535746
-0.77996139411,4.81814139557
2.34766462686,4.86211189598
1.58954342585,3.79616038317
0.774656813279,3.35309470938
3.9288466649,4.28242398768
1.01495304674,3.56404702465
0.619552217828,4.51890321415
0.008475517096,3.78287176493
0.667065058333,3.60863882276
2.35408511913,5.63723682597
1.60667051813,3.52031091485
2.34694551136,4.44435325663
0.36416185321,5.20458685972
0.510597409273,3.71461250519
1.55857735057,5.80062969776
0.419147881753,4.4013102327
0.915170376084,3.0889068624
0.203629082934,4.68353576507
2.88397433984,4.26890315017
0.657380743456,5.66936849816
1.1169524414,5.02090583821
0.708847882616,3.07859875046
2.65573740488,4.04665571713
2.70010135979,4.19122539633
-0.412377509388,4.65937207854
2.62321573828,2.41233711097
2.11115377899,4.88052956471
0.418931235489,4.3586241327
0.47039557288,3.93748649441
1.30091582509,5.20020836513
0.814580590462,5.07256576607
0.559486324929,2.26837781742
1.50485067434,2.8816884884
0.926207015026,4.33779697996
1.36915653965,5.10055470691
0.832449710368,4.50862003902
0.245343944054,4.01337642113
0.540885686797,4.07290592976
1.53462592347,4.01673235998
0.542878373731,5.16822570368
1.05637397951,4.72048978236
0.542806731679,3.81770748714
0.959753600254,3.64210224111
1.10193521228,4.07646760866
1.28721962146,3.94794751555
0.477002131814,5.02668547229
1.77217325023,3.56022005399
1.59120410911,5.1530929101
0.867834692672,3.90842229426
-0.159308331494,2.9891196965
1.71699383402,3.28167985972
0.348276459622,3.51285970806
5.34284215085,5.08978943359
5.40828343477,3.12355461777
4.51242048474,4.91286910035
5.21964869852,4.30749205556
5.99974014662,4.02477512659
5.8763343603,4.2770072241
5.01723770301,3.69130218702
7.07214926597,5.68880920553
5.11239903101,4.0519430754
5.98509616454,4.48853210012
6.22335697387,2.91115304645
6.56220372543,4.06128091056
7.10553310426,4.07172483855
7.12826313262,5.55386823498
4.56322490395,6.04056198046
8.29243444964,2.59862001266
4.74952695639,4.47984716283
7.22686651038,4.29975650802
7.03328262758,4.0647359046
5.5685659473,3.44550740244
5.75895606069,4.49847423024
5.89841890298,3.04343826538
7.58616589958,5.49272703636
4.88375249034,4.13640702716
7.3642425076,3.21881666943
5.58997252639,6.12440869408
4.80875479531,6.23039836412
5.18867202214,4.91193413691
4.62052000063,4.2879742064
6.10437554597,5.68910178152
4.08554341574,3.80813716001
6.37356590071,4.5517710334
5.24731968283,6.60336193947
4.69052982096,4.93404744477
5.05907121295,5.11958701867
7.85190379979,1.76260572592
5.89270264645,5.20391659653
6.39504215176,5.1810576164
4.35246975463,3.36361596378
6.50465305873,3.46211632803
6.06798324321,4.69980488936
5.79229346263,3.20832776298
5.88314992817,6.98213622398
7.2017726992,3.05807042516
5.48410051614,3.9951578214
5.75150555415,5.05935746843
4.61865849476,6.29126996155
6.04596215926,5.87313616173
6.40260417162,4.58889747293
7.45356028961,4.68531334042
6.75824083084,5.22771854646
6.96767113921,5.11604538076
6.41447716566,4.61360847116
5.56580694849,5.19133489765
6.13659134836,5.16677314089
6.13246978718,3.71130642892
5.00297904156,4.96423095554
5.05181384407,2.80978487462
6.46134839832,5.57368341954
7.06034181517,4.9551118189
6.4298344749,5.98262308158
5.87449369891,5.35434711166
6.66578549133,2.96889560045
5.9379464589,4.62849706273
6.70322079442,4.44683416224
5.76179024544,5.44116853176
4.91915225,3.30453216276
4.73042496711,3.23574815447
6.18733318488,3.98612427294
6.24559763049,2.41371353329
5.99058085491,4.48333258166
4.90343929077,1.97814396926
6.50972428177,5.51685464826
4.70333401965,4.01583184497
5.65357230339,3.53320613287
5.92111524743,5.18753619249
5.34902418183,5.36062099086
5.70260042162,4.06206648838
5.52993775452,3.53585106994
5.3242388765,6.06045231366
4.62470004901,4.7544880971
5.45023206469,5.4269890593
7.80612276782,2.62577877402
6.98353956874,5.78992286251
6.83925590492,4.96530654487
5.87133251444,3.46714769845
6.71805656191,6.98167930505
5.39914801006,3.50976987819
5.09536500898,5.25273996334
5.44997052559,5.2331478701
7.28317713106,3.86558292679
7.43354317056,3.2195256295
3.97225995272,3.64405660431
4.31174458725,4.15655801252
5.06904886523,4.42462106841
7.82281482516,3.7027944527
6.73907134304,4.29649020426
4.82312126121,5.06746476239
4.09889988693,3.44888839195
5.68973737554,2.08307708555
5.48384414961,4.97007015226
6.25562945481,4.57658972151
5.10009840959,4.25451689291
8.06201954434,4.31915088011
6.05859350622,3.45177840581
5.34041739944,6.08636041108
6.09256935458,3.40873682788
4.90557581415,4.61695503535
4.31039223572,4.52740471296
5.52698190596,3.38838997143
6.64106287936,5.06380754249
4.67994558907,3.71606139279
5.28537426546,3.669307646
6.77792571904,2.15798141917
5.31160630052,3.29937597268
5.5303016594,4.9920896711
5.77988816298,4.18863155561
5.76757680449,6.49975689573
6.17968782415,4.3148719808
7.42930539162,4.19931321667
3.96318929313,4.35215169142
6.750438732,5.59125826435
6.68473478938,5.60287882499
6.07830757011,4.38178223052
6.90620867235,3.86399034649
6.03415449377,3.60396805508
6.26066857556,5.24956496629
5.34168999703,3.77079352977
5.97693483946,4.27093162056
5.83950342287,4.61231955699
7.92858744488,5.23471612592
6.38360269129,5.56933149928
6.17773937961,4.27309013588
7.06372812448,2.87950079419
7.98244846583,5.17372787327
6.04405110199,5.62898172466
4.15837986471,5.8328088551
7.37858462668,4.13416069116
6.44165566969,3.99952285867
7.16471343157,6.27775795917
3.92267309437,3.87580835523
4.1966506514,4.34863808219
7.34148827529,2.61423028547
5.22391785025,5.70420258811
5.23779719744,6.50708485054
6.07786471332,4.56175120901
7.1001539631,3.48966985275
6.68299783929,4.53338321301
7.47997850548,3.001514628
6.31594556508,3.95523625457
6.1793823418,3.87617459391
4.9336819168,2.63215870107
5.89150338623,2.91116442643
5.78894464423,4.3343704419
6.73700128401,5.73078695264
6.18196360034,2.7833163706
6.78509499243,5.81259473891
5.79104292181,5.55018966731
5.45394791387,3.1107931421
4.12476646374,2.96675212761
5.9460756359,3.97977871274
6.72890487065,5.39043506588
5.29057832864,3.41029599351
6.54260914845,4.34498042553
6.64692972407,3.8841583414
5.99498526852,4.69304320216
4.99336955713,5.27168721485
5.51301308334,3.35497405539
7.80790265407,6.99352357462
6.12629795984,2.91951094105
5.624820316,5.0018689259
5.47755663357,4.77427228785
5.32052115456,5.1839324353
6.15838335157,5.88895706749
4.57325989333,5.22078357164
6.55775625658,5.67499858696
7.5038642535,3.34757851527
5.91319270736,3.14051912415
6.67211585055,4.05023476205
6.21002517894,3.04755044011
4.87838267869,3.152884736
5.3366226727,3.46594310885
7.19161632073,5.53339084567
5.0630413226,4.73972225882
5.1692176761,5.26073907231
7.69819287688,4.32094906953
5.3490584762,5.8112003417
6.59900991886,6.85297500517
8.23422596647,3.5487990775
6.04043976363,5.46442623896
5.25050166242,4.17287795458
5.23027757141,5.0272106672
6.51131396411,4.80265552667
4.77721783372,6.17928600931
4.63841977341,4.88351020874
7.43105210475,4.85940310865
6.11517057283,4.73441553727
5.14591973883,4.66793377025
8.12652726243,4.23531820437
6.30093049467,5.22132633454
8.98708352926,1.20790744601
8.08506581934,-0.753889091846
8.63638204653,0.416007158402
10.212376867,-0.131488994167
9.72041990659,0.470342145455
10.1193052125,1.08716139698
9.2817125989,-0.192324272064
8.74248235984,-0.905061755246
8.98994218167,-1.33058415288
9.19684274255,-1.26869879777
9.38192520864,0.267032339559
8.75685604632,-0.83209960126
10.9864431219,0.957845017803
7.34743672453,-0.299401264665
7.33985648774,0.775566849465
9.52681936132,-0.158542234536
9.47059008147,2.34180885994
9.789303597,-1.59022699864
8.19928828873,-0.887374984053
11.9322439051,-1.68878492406
7.39253250111,-1.39000513766
10.6430352153,-0.16516489685
9.33123165466,-0.0238269479668
9.83029201502,-0.593727550092
8.59551002883,-1.70027713383
8.70042326111,0.359054942833
10.1009545903,-1.55276832609
9.33597005354,-0.558686323895
9.11108844228,1.66419668943
10.03106806,-0.508003981627
7.24809917275,0.692628011392
9.24484707391,-0.711277503284
7.66213491318,0.285141321146
9.40599820428,0.703901512237
9.67017439875,-2.59527971681
8.99015408223,-0.459232932057
8.38384097797,-1.10238241039
8.47717665512,-0.759063527864
8.79453492071,0.39261624229
8.36862456931,-0.240408806569
8.87947989927,-0.37998942714
7.76057777056,0.748587692976
9.55027531656,1.1400513793
9.04250346652,-1.02852891237
8.16357627393,-0.353597433169
9.38677718603,-1.12296909348
8.86852508158,0.246111650131
7.61233208415,-1.05923979303
10.101655378,0.218275041937
8.0237413635,-0.764223808853
10.0711138132,-1.09598743869
10.2344662239,1.52485915414
8.87723946376,0.104665496049
10.7440812667,0.33818238083
7.57960734226,-0.492129828253
10.2726301304,0.78258929508
8.61714949336,0.927963903213
8.88388625767,-0.12534759734
9.19092718142,-0.114859897564
7.40132490144,0.764103916612
7.52903155418,-1.7780945539
10.4718771395,0.722167467588
7.40707852615,1.5947126095
8.61499349931,-0.305154998044
10.5574201626,-0.509994871181
11.1124905071,-0.0583870984969
8.38878678689,0.270858918544
10.8072320436,-1.03164537708
9.38270222029,-1.87122079828
9.76729391948,0.712383959625
8.43154188997,-1.41376222012
9.97527042697,-1.23023980228
8.93539509191,-0.286907141204
10.3604217702,-1.59176116349
9.63954843198,-0.474454318245
10.0932436751,-0.797562679896
8.48682553861,-0.715456496524
10.074280091,-1.60252583878
10.3874523367,1.1450150215
9.08481266315,0.414524003842
10.1882177379,1.10109240088
9.60528676735,0.399592258619
9.14276244806,-1.01915650357
10.820334057,-0.783653066871
8.56938987517,1.89677772927
9.10366231955,0.363684736528
9.08886009783,0.438191169436
10.0458076528,-1.14140145577
8.57536115479,-0.558581161753
10.1845919078,-1.61324022222
7.85138495079,0.439879093401
8.28060105153,1.53529801854
9.14852948063,0.136963669535
7.49829556289,-1.45500704844
9.29561042204,0.0666565305138
8.59007823823,0.363540172982
9.56113022691,1.55110009214
10.8286291605,0.83975096939
8.33764438887,-1.52292308573
9.25175837465,0.650714654789
8.65331242727,0.343930675798
10.5398741726,0.17910920932
8.95526696128,-1.22515801036
7.5253373979,-0.416261587328
7.96612066285,-1.32170148625
7.66135060125,0.546033896538
9.39295919721,-0.862132919444
8.79097376845,-0.670126567499
9.89944047305,1.60693752916
8.23593335952,0.168579978167
8.98440310344,0.920232546643
7.93256520157,0.903698819973
8.40608221937,-2.48782247712
8.56254277182,1.61376070057
9.35168171043,-1.03157790311
8.18484025524,0.631366312843
8.01061702033,1.51659357165
7.87425828917,0.964297417956
7.32587398313,-0.517851548854
7.60477183704,1.13974318171
7.8657043716,-0.0248973578298
8.8562927206,-0.51838968682
10.2056823963,1.57323391887
8.8166215894,1.1342411175
8.8585001917,-0.40367524442
9.26501253021,1.31092012229
9.16956200435,1.02654600766
8.56944941131,0.376208789821
8.59741529716,1.7904716813
6.33281253575,-1.76608503157
8.08393443649,-0.173055872785
8.79013594817,0.579043144588
7.73492682129,0.990761616745
10.3549785106,1.31832955011
9.08340100512,0.290984519316
9.53282854231,0.354937770235
8.69777552113,-0.750660315143
8.68038449681,-1.64463595684
7.6055361971,-0.548802476262
8.78971261306,0.402581204596
8.3794718942,-1.95881329556
9.00228023777,-1.3559841707
8.9953379771,2.14839424789
7.68111705632,-0.600008951336
8.52173233655,0.708558148502
8.4755931076,-1.77201923305
8.65275668032,1.79649852375
8.75520254505,1.1048460416
9.00733294946,-1.76294323668
9.35223831667,-0.0406206180774
9.37028388604,0.389398726625
8.20823727779,0.258209395442
9.03099424283,-1.36915599876
7.46140739494,0.116471146092
10.1075086082,-0.958500760264
8.22849550118,-1.00252142376
11.0003140103,-0.439256373458
8.07537035735,-0.688774355083
6.80500725361,1.18714141938
5.97906506367,2.0542987141
10.9583647791,1.43222360112
9.24011695189,0.825594751322
9.79734252758,0.39025866029
8.38353402837,-0.237684026406
10.0445740257,1.10791332555
9.17661293063,-0.34063316198
10.7333794762,-0.447537525714
9.19053922607,-2.24860906814
7.92852577748,1.31683720125
9.71172462086,0.93092933465
11.0782284354,-1.21977797677
8.0057656077,-0.231711077187
10.3678876463,0.0947519720819
9.62735608354,-1.31025363844
10.0316655336,2.88710867841
8.16247758389,-0.385878120279
9.67358454767,-0.160503165093
8.71215979646,0.749308735093
10.1780785562,0.783739261769
10.3806809993,-0.0392971146269
11.2728650954,1.26720500171
8.89094712973,-1.25911802746
10.3228298958,-1.92175980232
8.94490619247,1.58557035586
7.65696339363,-1.8769661983
7.47754554995,-1.37442399395
8.13557675703,0.195001085697
9.51580672551,-0.0880886424837
9.45195350316,0.0440460770783
10.9498583086,-1.4376681949
9.72855685199,-2.24574140349
9.83848316475,0.500607883182
8.50563748149,-0.81712662092
8.76804396108,0.809378350849
8.72958182581,-0.694782552681
10.6861042698,-0.570597219171
8.31946101205,-2.29248367192
8.61460236094,1.77908488994
8.91104379756,1.51968223419
9.85389761101,0.50236341539
