1.28931660131,-1.91371594901
0.0542240709086,-0.946030498773
1.40073994811,0.519341810225
1.02328433592,-1.31845086713
-0.958089094585,-1.96717243665
1.62176147938,-0.215236079022
-1.60059164608,1.25377922004
1.8483326448,-0.374311794636
0.875994373607,-1.1451635822
0.364944460143,-1.30547285001
1.20128964867,-2.87125714505
2.38904906883,-0.729502764359
3.23385835316,-1.46312474305
1.84133188319,-1.67991186862
0.457116850935,-0.820847183272
1.51889495635,-0.500144259369
2.29889482404,-1.86205035914
-0.351897968198,-1.73480622248
1.74469206171,-0.314001788222
3.59287450284,-1.94868228752
1.19583216514,-1.38777384477
0.251214459544,-0.410902061503
0.42220473196,-1.05384001314
0.826479220476,-1.31868986929
0.601319439393,-1.45350783631
0.682866965718,-1.43279974265
-1.39101501958,-1.75481229079
1.41477435047,-1.44125087472
2.20846137711,-0.510264883553
2.40172443195,-1.7069192881
0.228454166312,0.423021855803
-0.346012246916,-2.68240771925
0.653972325892,-1.03374019772
1.43976446805,-0.434444159009
1.2404404313,-0.790351551928
0.793141751449,-0.103270292397
1.08293234811,-1.57194243368
0.311011551379,-1.5382091259
2.411448924,-1.25291240483
2.24999138849,-1.78917429274
3.03717158148,1.22154185358
0.514401459585,-3.30638841449
2.01867654961,-1.15330879089
-1.57172813518,-1.31872879601
2.70391971198,-1.40536335442
2.42059119899,-1.60751999445
0.74754863773,0.15726800949
0.895250364032,-1.63222083482
2.89559336074,-0.388645322321
1.27163245597,-3.51410079049
0.548407422713,-0.389422030649
0.759728123866,-0.0921754331568
1.34924264486,-0.0604069583057
0.458100520495,-0.940711755024
2.39138879321,-1.27775923048
1.72315912917,-1.05641883463
2.32423789135,-0.325916295732
1.18969274844,-0.564143534619
0.743636522182,-1.54158088679
2.52378233815,-0.991520033727
1.1186665652,0.0374558391463
1.29332468848,0.192580575327
1.60689568787,-0.121640191617
0.941686055317,-1.32795880193
0.702382220939,-2.23103044067
1.12569282956,-1.0050889831
1.37053419712,-2.15216441661
1.59128763393,-1.04563909394
-0.458958323083,-1.59307884903
2.09497065767,-0.803028154353
0.469212296213,-1.14638174944
0.815615931885,-1.29591546794
1.06320652127,-0.00625719697495
-0.671033344644,-1.90535133921
1.93456932583,-2.38129909656
2.66368153694,-0.637644284487
1.35078000857,0.397318829791
0.998006009235,-3.14542515778
1.03238371131,-0.150657600969
1.79467017912,-0.763885293741
2.10789549273,-0.889248266024
0.220434785165,-1.33638544121
3.2381755828,-1.01667026658
0.958536096102,-1.86172830255
1.38319792461,-2.70229137495
0.219301736917,-0.161022087979
-1.0649342764,0.721206168429
1.01991119789,-0.306425841389
-0.247863020458,-1.96088180979
1.87904573228,-1.35942341632
1.48432283981,-2.65625965987
0.624455380513,-0.299124599739
1.3027353285,-1.32284064845
1.7812526917,-1.44314267289
2.39553424643,0.413169893083
-0.515864760713,-1.92029057256
1.8932451951,-0.746988788549
-0.638948174436,-0.837947528654
0.870669464915,-2.13078673029
0.231185894808,-0.480664553766
1.52729459719,-0.678101530095
1.05890366609,-0.343149904415
1.56691189339,-1.03133429563
1.77690845129,-1.73737902627
1.40242426339,-1.49606270935
1.54177385705,-1.73734547947
0.199198483917,-0.862509547796
-0.167817323219,-1.4470381095
1.21199477551,-1.39566017067
1.93161580699,-1.46943100013
1.42639807757,-0.962514832692
1.19808409538,-0.839454402957
0.936429155838,-0.530258357166
1.54761991624,-1.95906354559
1.58686516131,-0.162770183434
0.769353261002,-0.591442675717
1.78211318584,-1.3636087125
0.704185122667,-1.77206759862
1.79664867212,-0.745349475941
2.04186401236,0.302301948244
1.84177745164,-0.859996579847
2.5216122184,-2.74750775984
1.27065402274,-0.306771099682
1.81485853383,-0.208960198574
2.60960699596,-2.44649009507
1.86539433877,0.930711037493
0.775604814429,-0.529583198393
2.27278770122,-1.59492348889
0.545856737196,-2.9803424606
0.432488232263,0.0927556935947
0.574147238886,1.62704778655
1.68252825241,-1.57642372845
1.52058761118,-1.16642305049
0.481041189761,-1.37287927607
2.03429213804,-0.352637296912
0.80655820342,-1.46224852676
1.62689917552,-2.41564866423
1.35831973809,-0.828065032005
1.33708568859,-1.76518338832
1.40617370394,-0.880447871377
0.1545996407,-0.220745955007
0.625209664869,-1.31848832109
-0.999940782943,-1.3120044572
1.05015542567,-1.60072537852
1.72789417126,-1.55704077751
-0.453897291102,-0.530277162316
1.20306335168,-1.09414664538
0.161239852145,-1.78383794271
3.20115993262,0.0889102970413
0.896779676262,0.0783085942822
-0.531000969609,-0.676832173447
-0.383752005577,-0.794974935572
-0.801011489713,-0.5572985071
1.11157247236,-0.483030366103
0.141777196612,-1.89221353217
2.38711304032,-0.331614707579
0.815280686816,0.707322902991
0.960723831124,-0.59991611235
0.936479074558,-1.58645113091
1.26843065283,-0.858070574787
0.390764185633,-2.06494346986
1.63885491186,-0.849754913518
0.756821618924,-1.93496719676
2.37274786878,-1.17115228463
0.148281850157,-1.24704280477
2.43633738836,0.833359762659
1.43009563393,-1.50272486623
0.597791035077,0.347999698614
-0.245187765756,-2.23923673106
-0.168773826614,-1.55505515596
0.163735854412,-1.47345901467
0.316598076629,2.02507726795
0.901460427933,1.13353704319
0.947039910025,-1.34476645649
0.0391031140059,-1.19887738081
2.40806233542,-1.1337241435
1.50226728578,-0.514565762381
1.34226847691,-1.55835748636
-0.11143540528,1.51712107131
0.579040456882,-2.25980541774
2.6845769782,-0.911880586509
0.448298948165,-1.67306519904
2.65640830533,-1.04702709624
0.210121711388,0.4349953901
2.40689122654,-1.95537168234
1.30198089303,-1.66194247623
1.48942756881,-0.99142669345
2.34124953377,-0.622143056003
1.01687016941,-2.23942601257
1.33255429836,-1.21968089217
-0.544925675525,-0.4783698684
-0.0683307875039,-3.28108263857
1.44610605031,-0.0486158439418
1.04951852316,-1.48900379034
1.15438086786,-2.48992785687
1.61473330843,1.12736666781
-0.334801446882,-2.38387077627
-0.237870854069,-0.450707122926
1.63887265568,-0.675691669507
1.08291789368,-1.16892348652
5.66791533891,-5.16018517023
4.04256797347,-4.9912428442
4.68394561405,-2.38019767016
4.50206327704,-3.60084363418
5.87841846342,-3.37147266367
3.65135046232,-6.06255810202
5.906984418,-4.44814023934
6.40727590787,-4.10868560063
3.14298127653,-4.20757376767
6.34792982034,-3.68041724908
7.13429081043,-4.67946862136
4.9846095896,-6.82905734444
5.99186415087,-5.21519027067
6.34884726806,-4.13078807442
4.31873740184,-5.5333232053
4.93420029195,-5.40901032631
5.80683121489,-4.55030797238
4.14918910355,-4.62194800596
5.3013653507,-2.93296975109
8.40927817025,-5.10944442197
5.01563233788,-4.39168642378
6.18727046467,-5.39790456394
4.6097314769,-5.28891781449
5.09665833633,-4.25087047528
6.06520016059,-4.28079817232
4.98927900922,-5.26943909288
6.39760888188,-5.97728063286
5.55945250637,-2.38799421152
5.39829225203,-3.80530890814
4.35054442312,-5.43319485131
5.67751136566,-4.51753997532
6.51394528733,-5.62465941639
5.90369004366,-5.22379622884
6.48073953975,-5.60826024257
5.64427663513,-4.91161969629
5.04746901249,-3.88530331166
5.70735872134,-4.47487479058
3.97076931399,-3.82450700073
3.65442844103,-5.06733636107
5.35308503286,-3.93181755949
4.24678732443,-4.19892265851
5.27410435451,-4.19383173487
3.53681078082,-3.56448572755
5.64487392418,-2.95665152071
5.89655968441,-5.2797808164
5.34827882935,-2.67517422673
6.25477543763,-3.28181675443
5.21824205392,-4.10629991829
4.53042398394,-4.06013317728
4.36980684455,-4.43835777407
4.82173403104,-3.17137744645
4.0345538815,-3.07034644093
6.36067879247,-4.57193167633
5.10342133888,-4.01484663892
5.29950864181,-6.50063791464
6.85328310866,-4.87634445849
4.35467717959,-5.88441166218
6.26303889411,-4.69793391494
5.37664711077,-5.11880528422
7.49796289036,-4.03213113058
6.60999870306,-3.88094066323
4.69814767144,-3.30854902255
5.82263574599,-2.82540960283
6.88616015154,-4.14000366073
5.79762350698,-3.90129857954
6.12299186983,-5.63419961927
5.41837512922,-4.68773220004
5.43827009666,-5.11192237837
6.3672500291,-5.1981412053
5.39452156247,-3.12641664419
6.0177792623,-3.53819226563
6.28998239329,-5.82758829753
4.20839503404,-3.69112338773
6.01137900739,-3.30084861866
5.51948821641,-4.12422912711
6.07746227166,-5.62885913816
6.54207868849,-3.73199002674
5.2053304375,-5.77853035733
6.73530616552,-5.31861839334
6.30746072741,-5.2816610942
4.76852925308,-6.03867655449
4.96741608488,-5.87525663032
4.21161546072,-6.51996370553
6.50075175352,-3.82928994292
5.73277537281,-3.31373249545
5.81356080512,-5.21570391646
7.21224719836,-6.17403003944
4.94137238672,-3.94227387182
4.9969929015,-3.51385805608
5.83209234053,-6.30910249443
2.545294828,-3.53180471521
6.1027232481,-4.83147502289
5.87415113763,-6.24418392584
5.16621797318,-4.84845877647
4.2091897904,-6.05584688302
5.29904052221,-5.47564578117
6.6514257016,-4.75890975135
5.01764240073,-3.30238663562
5.7302328937,-4.32618938236
4.41237892854,-5.24223219595
5.83553842422,-5.80057259
4.37466289534,-4.52580741918
4.7370543324,-3.83859923122
4.01121478731,-6.35656751444
5.39446195492,-3.78882454522
6.43667208758,-5.11280326261
7.87942950081,-2.96582452405
5.16103633049,-5.30361529524
6.02106719049,-4.59794208915
4.65250239686,-4.1252241237
6.92966583213,-3.84971862393
5.80846296798,-6.09250345705
5.4193095347,-4.46210777043
6.61239663951,-4.13424859888
5.05839926057,-8.13625041412
4.87457386781,-4.21498775911
7.08552472368,-4.92357843394
4.76012788517,-4.38205849664
6.5946512102,-5.49645015216
6.1744721471,-5.45203006708
6.66288909775,-5.8444124395
5.9354778758,-5.12658444449
6.89018339939,-5.35243644571
6.19641501285,-4.92417391721
6.0340589023,-5.65192932219
6.57392420389,-3.28984435505
5.65781759647,-4.39765291868
7.17328877599,-5.52499336917
5.34722836355,-4.73287474308
5.81387400561,-5.56167691807
5.21203958669,-4.9715735488
5.39482264047,-4.66356837224
6.77604393629,-3.83527928501
5.97271793725,-5.47750763118
4.57590605325,-3.96583756171
6.86756071692,-4.37516935141
4.68624360777,-5.57529048496
7.26953029313,-5.35046067847
5.94414976598,-3.39224396713
7.44235904624,-4.54156649231
5.26516585763,-5.16595503172
3.55820154015,-3.89043750373
6.41333089253,-3.88746636986
7.21851487928,-5.05203573017
5.1273600566,-3.32019637296
5.32708631758,-6.16485954682
4.69036484735,-4.6126581886
4.86028689292,-4.23074832204
6.6879428612,-5.08767862009
6.86884629448,-4.56381113004
5.49674689761,-4.89753954896
6.03901365278,-4.25317723022
6.65089193204,-4.2169391636
5.65600061511,-3.23043984592
5.64507070139,-5.358725546
5.89068943448,-6.84079881603
5.69214404988,-5.31930632999
7.26784771714,-2.5581818077
6.07591175632,-4.57504581476
4.42174651657,-5.94840879468
4.36420320813,-5.55128363686
6.83415338716,-4.94833057193
4.98114155962,-5.46060181871
4.84567677797,-3.92818725404
5.2320654225,-3.36926711855
4.02765386085,-3.75827657065
5.58795109929,-2.9534790405
5.02575464875,-4.10637941955
5.62857059876,-4.13303877014
4.02159555997,-5.2308127477
5.91949916893,-4.6217153438
6.73961555663,-3.53670801516
2.80757552053,-3.65171028503
6.15190368648,-3.20945942625
6.97608791367,-5.05226581569
5.82254355841,-4.5675503415
4.51635170661,-2.68986779709
7.95201448713,-4.09214993638
5.77915665601,-2.73106288569
6.31989800214,-4.53757807642
6.20124258833,-4.62706426861
4.0872453321,-4.47014439513
3.42893516107,-4.37811596012
5.88110985933,-4.53345583646
5.37804020706,-3.97587309112
6.5086600938,-3.60285888487
5.94145421362,-5.29810531317
6.73968350263,-4.02249134329
6.01456146874,-5.17760382438
5.97828413441,-3.16134777541
4.67943061648,-5.10758292208
5.50106430296,-2.82698535474
5.89443170252,-4.58173026384
5.34054960391,-3.82755421075
5.39409771934,-4.08398356275
5.44700407992,-6.34988365901
5.5969770879,-4.27902802778
5.68756332759,-4.39041509567
7.22060440497,-4.51633968955
5.22238145055,-4.47581893408
0.146282621412,5.86808523887
0.933085814425,4.3193500326
2.29219669998,3.8734862529
2.35774670151,2.19663347929
1.9756427145,4.15921764338
0.420628133585,4.80486584081
0.565376808969,4.00594956798
1.98044038517,2.79459890452
-0.0692465432525,4.0755052594
0.531544030699,4.65599258366
1.1816435112,1.60102661287
0.949684637131,3.31519056007
0.19492770491,2.30926491054
0.960933294556,3.23809099315
-0.366626755964,4.28566910897
1.55750866695,3.82243866517
-0.279358368764,4.5142696558
0.618244140014,5.7557495434
-0.496479500598,4.90348804105
0.878307751102,5.62901688601
2.81537179136,3.94250867009
1.56989535789,3.7187362477
1.75577497124,4.90308582663
1.2051671526,3.89527482001
0.532674556217,5.01147694954
0.395007623248,1.50986663638
1.20189685787,3.67101825123
0.941373819613,2.79243984655
0.373850771692,2.26846805671
0.723435470955,3.98153981569
0.915819048364,3.94541224928
1.66678629437,2.98791989215
1.48108322301,2.95510395745
0.729932053904,4.25861570002
0.852149567528,4.35059393459
2.447470405,3.11204100247
0.782022258795,4.15041276585
0.546775402622,2.71428171009
0.813148928713,3.48196069059
0.103502869993,3.45674780452
0.789032489009,4.63644395333
1.40994491594,4.25453886768
0.619885699872,3.38986832025
1.50761259329,2.29859647516
-0.985875355263,4.26106172284
0.0687017565036,5.2775516905
1.81758583092,3.31936540877
0.317698743935,3.70929774794
1.66994338284,5.79814044854
0.31109033069,3.91273616657
0.577381234673,4.41713380524
1.42816584611,4.78604019838
-1.4690495536,4.8353163823
0.981833279554,4.98824101043
1.65497718016,3.70577612704
0.475441729419,4.77019595598
1.84325501208,4.35899354089
2.00271844433,5.58097632209
1.53389156574,5.4194418025
1.81133100124,4.41458589311
1.32103237474,5.37376980266
1.01965021578,5.14646818396
2.36227382092,3.63508792174
3.4976620666,3.98968977482
1.98201027885,6.31148929218
-0.88147148835,4.63424208926
3.33010679344,4.22643666193
0.452715214964,4.34753561968
0.439789448429,3.47489599694
0.903628620651,4.17762341348
-0.531911506205,3.22956437348
1.19562559846,3.71434050408
0.763670017958,6.25798582048
0.250869012429,2.37534040616
-0.442660767271,4.52524958895
1.36724666662,4.73254042748
1.68396186182,6.19651000235
0.518848890951,2.76634089169
-0.37390666112,6.20890171044
3.30657592516,3.14848167118
-0.878457093951,3.85638850555
1.56667620171,3.7180109954
0.0405395243243,3.75756188268
-0.285394404912,4.99826057842
2.4754517528,3.75996803953
0.457075882148,4.08691397294
2.65082882702,2.99668109309
0.657797737975,5.41735743769
0.357396352169,2.65805301181
1.39960352859,3.05324310539
1.54390176424,1.3991202994
1.52713017559,2.80761068514
1.25374649286,4.33226956935
0.0474133884995,4.86484435281
1.05391046009,3.46973171875
-0.559067157239,3.84679767844
-0.185275026718,3.30550934318
0.0061416995262,6.15356854223
0.138610177564,3.87435105321
0.515419461807,1.7237158767
2.75671993434,3.83079123131
-0.031927475917,3.16351831076
2.38008736414,5.42351020146
-0.759043450944,5.92525611479
1.15940879164,4.42177615079
-0.843266377789,4.84277984684
0.825415398765,5.24287867686
0.631141281094,5.66070187279
0.319685386452,5.32548557762
1.83529887982,3.86321496667
0.529951349021,4.78504705132
0.0175557864113,5.14170772774
1.30384503857,4.75307837631
0.621882558869,5.57838718854
0.583191195087,4.25748971668
-1.42373917675,4.42259953282
2.31553854528,4.86280742836
1.77062942064,3.84678650565
1.87933413075,3.75810727225
0.527456656514,3.90953087182
1.33407833536,2.59308824642
1.64735282376,4.22244068193
0.13572845211,4.23628806184
1.08491059601,2.71895897251
-0.0506579228922,4.50115110986
-0.76293707851,4.12369829575
-0.310554005182,3.15702883522
2.55129576428,4.71943627699
2.32161441296,4.40306249713
0.367323496582,4.8712134561
1.15254682233,5.24084068864
0.105698015309,3.72231910034
-1.29506751178,4.31632266979
1.16198951291,3.2195905575
1.31869658045,1.49566123379
2.64692260194,3.24708887725
1.15796316984,2.08611636596
1.06001399536,3.81318643656
0.647843357344,4.72507802872
1.37648306281,3.54704448577
-0.0735589267251,3.14118785258
2.06064674534,3.41520893017
1.50574428962,2.73400841006
0.872979354649,5.00753843482
2.20540371938,5.27961629953
1.74958891974,3.87348884384
1.47904023372,5.26827373172
0.376854889161,5.27392353037
2.04514060492,3.28223419359
0.150679505563,3.55841760533
0.253351690064,4.77032765037
1.29613202597,4.2699654308
0.0540545025371,4.00327986463
-0.566913023689,4.09702693139
1.9185081567,3.75480907457
1.35178513058,4.38496481345
2.11782124076,3.39229974616
0.789412975896,3.39202647268
0.678522248982,4.1818320146
-0.956578281451,3.76435647345
-0.0687974955931,4.10035825095
-1.20541957783,4.4074708208
2.68438464602,2.78520094547
1.61376338288,4.0150348605
2.50850472366,5.88189956081
-0.167400925194,4.73415720546
-0.597234960112,4.0083694621
1.08764950817,4.33134304293
0.583660259945,2.91177428867
0.592828581547,6.2964583478
-0.189134687228,5.70263521806
1.31345518268,4.27597724147
0.917859755033,3.83499519081
2.16529465511,6.12590351554
-0.0106506511429,4.17783202172
0.29716267515,4.29902611135
0.979488860405,3.40808649199
1.3529308819,4.1805179798
-0.579312538124,3.16973327341
0.658825497299,5.56743232603
1.89331941924,2.27666383193
0.697301611921,3.53227488663
0.164954275709,5.1531408474
2.4036022115,4.84948697671
1.4068031695,2.57217021924
0.606022330265,3.02824373154
1.54246867198,2.9281834261
0.752466286828,4.01589003104
0.06886832313,4.6509320032
1.80352293004,3.22486490053
0.663955951914,5.44424101479
0.153214347275,3.98057420562
-0.66876993019,3.75443227312
-0.26519059132,3.00467288939
0.467983755197,6.06457000849
0.44469210608,3.37134902586
0.245754933021,2.18143659316
2.0950153665,4.46942536888
0.929799180609,4.39648769273
3.3039653484,4.5487214433
4.11119266479,4.30764978896
6.10534100067,5.48318246457
6.67684932996,5.17903973119
5.76948085964,5.44998557037
5.56895845452,5.20304609293
4.91911409752,4.17401271997
6.82694814821,4.49159719807
4.79235867102,4.72381157631
7.36900896078,5.05624582228
6.0159754968,5.55648969018
4.73385684814,3.65694714408
5.87387709611,4.69699675792
3.99978349689,5.70045535563
6.54377652612,4.06814325036
5.22152153164,4.4822888425
6.91323550034,4.03045843887
4.39429378213,4.79762451324
6.7668196003,4.09192191507
6.28066618758,4.78860093343
6.56153601527,6.88724272915
5.06742821345,4.82313742353
4.07842717269,5.17663373705
7.26216796597,5.31420095503
4.1655735869,4.42742017206
5.86959696079,5.41853076374
5.75809037101,4.14297582493
4.82557021114,4.9471727627
5.80464108967,5.10136774037
7.0100272988,4.08405014551
5.0926913746,5.02738848065
4.69785997901,4.73553154177
6.73018784001,5.30561997542
6.83787488594,3.22210804783
5.54167392619,5.96818417559
5.35332343588,3.56994835717
6.54575682546,5.37100170698
5.92046722406,4.83773559969
5.96217851684,4.3618305969
6.17841907234,5.32905182583
5.97890718501,3.67127321648
4.45141726815,2.05853953764
5.86838941884,4.7314352776
4.94669055149,3.75517684135
6.08122474785,6.01511224306
6.56917741498,4.19510955005
6.35554858899,3.64717857439
7.8099094447,3.72907276829
5.9314029985,4.58893616326
6.6590997065,4.35426267966
6.14848924415,4.42286680043
5.73967412154,4.43138911613
5.89425518546,4.78649113325
6.04864091113,2.86293153023
6.18492121564,4.22057158657
6.84783187824,5.0138562828
4.87109314312,4.59308851947
6.63522849139,5.81632669871
5.45700526801,5.47012179123
4.47065340867,4.36959212874
6.38017070181,4.27310601171
6.99223414837,6.94953698635
7.98628807975,5.36648880408
6.41431877234,6.01422930015
5.77177458344,4.26749603571
6.24633181523,4.20858732842
6.90434141037,4.92865390172
4.91821002191,5.21410294968
6.23029723421,4.52871839759
6.13014531737,4.29150776145
6.08806457073,6.13486590151
6.63759386179,4.17796609691
5.54902117028,3.70240869222
6.99048019049,3.95587538446
3.68931663848,5.85910979449
8.05726479146,5.30487580534
7.25394358007,5.37839502493
5.72449036832,4.35977982097
5.88695173223,2.1661540191
7.4923193457,4.97463487907
7.78921506626,4.08095373824
6.13749282148,4.71066990635
5.14342161909,4.23133835529
5.47326350927,4.88870295597
6.25356929821,4.25700634215
4.83987158854,4.39869871268
6.22746302518,2.78291275679
7.15511420401,4.86537203717
4.48312427251,5.42079632103
6.77023042451,5.44487046372
8.53977925661,5.70627944846
7.51911979733,3.41604871603
5.74624083863,3.98612181963
6.90343143177,4.48338794329
6.36225814437,3.83405304681
6.37283173184,4.15934593995
6.85337229727,4.2671311441
5.47752196596,5.08269101857
5.1815981435,5.86216870796
6.58953852601,4.38184005684
6.62001252208,3.68106787045
6.52647950839,5.11185551337
5.24492105964,4.95597222474
7.03865032445,4.77507612977
6.9296011137,5.82601931444
5.83532933816,3.23739753959
5.39440909774,5.91946994733
6.95924445764,3.76652190658
6.71084304198,3.1287959433
5.45569530638,2.99437511601
5.02529951407,5.13345397104
6.67667913937,3.99246497192
5.25100167023,3.38494296335
5.84383959604,4.98552374413
6.89695828187,3.54366583514
7.495670304,4.4629834011
6.80973956914,5.00217964833
4.64227327688,6.26278627586
5.69131381678,5.04007730707
6.84350206662,3.99700015928
7.25612733888,4.79539410379
6.03636075867,4.97350951835
5.81873035576,6.76537344834
6.52516930008,7.09072854043
3.87970797592,5.32016900572
6.42844313381,1.7514594305
5.11744668034,4.544390834
4.37380267203,4.7537578994
4.18628518951,4.33931602662
6.95323715827,5.5956635888
4.24787113662,5.24375743929
5.97074608366,5.03256166285
5.31440225729,3.53808279264
5.05582169566,1.59126491931
6.67489648372,3.69528051124
7.06845320724,2.8788420959
6.33495971792,5.39991185207
5.9850941036,2.57994924396
6.04590338856,6.25011902221
6.70912155283,6.65475627748
6.1933246121,4.74372537176
6.80695005027,3.77711997766
4.79959861243,4.16010911219
6.14431978142,4.38622675846
5.48668372867,4.39975846587
5.41667041013,4.56697636903
7.00066723263,4.78881559995
5.5780868013,4.96710503536
8.07005087828,5.82792048826
8.20282122956,5.09393151054
5.07234335371,2.63246251367
7.02772378392,6.56612066055
4.71112316744,3.79332426132
5.83351758352,4.57265862664
6.22647574852,4.06822504493
4.89314646647,5.15843654493
5.88287599303,1.60802037071
6.57246825367,5.43989599258
6.08169004061,4.22976512619
5.2277069691,3.90357747854
5.15850313412,5.2441179597
5.28046550865,6.06187092801
5.66101611711,5.68206322981
7.53233144233,5.4367436071
5.87424448839,5.2567386166
5.26157324782,3.90826937267
6.91685079992,3.8343582333
4.88669534993,3.81793022391
5.11713593517,3.02572096843
6.44720989386,3.76325150904
5.64805733567,5.25085523638
5.01066731232,4.49956391177
5.68756166823,4.87555851525
5.37867469815,5.0420583991
8.23780131799,5.03909630292
5.6285744212,5.70795939735
5.10462261162,2.97916017784
6.03521977484,3.19119817064
5.675779053,6.14885347368
7.17164622469,6.21152363678
7.05290005263,4.98556035731
4.41596262477,2.16126769436
6.46801319461,4.69948352964
5.20718922047,3.71551636194
7.62733518153,6.12160776101
5.9461166165,3.3353812409
5.55729370351,4.67134037752
7.18291319265,5.44929329359
5.64703260649,2.7539953655
5.01950463285,5.91262722506
5.85422460713,4.96633574241
5.71125630694,4.4162112713
5.95795723144,4.48972095025
6.55238029324,4.34649663987
7.61180069778,3.93636911788
6.35546204021,4.29731851264
6.2931173389,6.02860408571
5.88583992952,6.71980893813
4.02330477315,3.67609621452
5.13013657993,4.74014947062
5.34708247462,4.0923193744
8.32193840691,1.59054853646
10.3824245023,-1.37858350825
9.60199505544,-0.0145323738741
10.2360387689,1.74230326221
9.40371769852,-0.660310106194
10.1019983104,0.408140102394
10.429557729,2.06845598035
6.45414412913,1.47160202273
8.98196881967,0.0500398670884
7.98712417325,1.37219821798
10.1366347189,-0.596968393409
8.71417439726,0.562278500874
8.55489114383,0.744095255003
10.0718265121,0.46771878997
9.94852942472,-1.09499699124
8.59160045584,0.273798374306
9.69944849468,1.04163018859
8.11303541664,-0.675663372109
8.30955699559,-1.32988648645
8.05004406168,-1.59142467293
8.76087758441,1.73679923785
10.1021105361,0.124432291383
10.0777984604,0.649038256009
7.7356183684,-0.160112205621
8.05390877958,-1.9277296235
7.95050983388,-0.621249737
7.75617458256,-0.143666239433
9.49201544875,-1.65430483951
8.498076722,1.01491891694
8.1603393664,0.269468792275
9.29101215553,-0.558449680959
10.5868933028,0.782677923135
8.69023730176,0.313552189743
9.60641844538,1.55199360368
9.69500043859,-2.53960505531
8.26849317839,-2.30319393456
9.27673044089,-0.336276384583
7.91791470364,0.393291680917
9.42392356965,0.721339633397
10.1693913991,0.519059567695
9.36640436721,-0.805531335463
6.8385666077,1.68000944938
8.4952288849,1.60832402238
7.42181204179,0.248965421936
9.98809471482,1.06743704713
8.06447746465,-0.325351284758
8.78567530131,0.207937599216
8.7447375935,0.00682601519053
8.10066582596,0.813782459239
11.0097564964,1.87683764618
9.18097800885,-1.09264309479
8.38949428797,-0.329625726187
7.62410457269,-0.845774420445
10.4676774111,-1.70822072834
8.7563870061,0.00623246149818
8.45624503166,1.06126368056
9.15508856788,0.885594789048
9.50083771908,1.39111416343
8.61747709543,-0.00660875235136
10.3061557221,0.550475809896
10.4387827485,-1.11687903378
6.33586926497,0.598849926164
7.26662295266,-0.334645421014
8.7890392972,1.0060028349
7.90696814568,0.502684539476
8.17938586991,1.6403922803
6.98833593364,-0.017375125632
10.2217875249,-0.0193466519085
7.39875119824,0.32430079566
10.6114595721,2.59339001427
9.31389935143,1.1425229254
7.52395604783,1.62819316836
11.3708689881,-0.693789857863
7.47388550054,2.69574962175
7.24905361846,-0.0440613249963
9.90794599923,1.31136484136
8.60715912894,-1.31586096765
9.43194596571,0.295047350126
7.8773249402,1.55775968867
9.89599300996,-2.01350009036
8.86700017753,-1.08040261116
6.99116141045,-0.504869458866
8.55185485377,0.108230039419
8.44761205433,0.0434551196792
8.45717204665,-1.24832435331
7.55154471015,0.124650781453
10.2730212849,1.05716787653
7.76647301587,-0.141655719451
10.2069944831,1.33587654154
9.16934794491,-0.901985739821
11.1656787275,-0.316640421128
10.652945571,0.990547280883
8.20592712267,0.467347269029
9.26500897986,-0.474621658386
7.10605865497,1.10809342447
9.4043130983,0.760633515786
7.75958445238,2.49970095102
11.0802239352,-0.582407720634
9.62380516768,-1.22034639403
6.74566686354,-0.900923678046
9.54056682457,-0.892687466793
7.97263572124,0.323896188169
9.33382383543,0.19633332861
9.60982528155,-0.209411872714
8.64066308289,-0.473657918564
9.70394150264,0.159839938087
9.88964414332,-1.07482797038
8.90318584373,-1.09219157181
8.79613575008,-0.344166441632
7.31477826658,0.821820065133
10.3405887349,0.497442663788
8.86635017078,-2.15104196788
9.09061516723,-1.12145531576
8.80288081222,-0.80829781764
8.07363801354,-1.25564345385
9.15279482136,-0.907837430914
8.4742248414,-0.254600913246
8.83425216117,0.220745058412
8.37278424833,-0.590963854282
8.68192620165,0.00488006207539
8.20820047764,0.341844132957
8.65891441781,0.144919258577
7.91935262354,0.281669921774
10.5238820306,-0.549786127736
9.16633726548,-1.18316932494
8.99744226793,-1.13264771343
9.13148608292,-0.0759114094429
8.68958583984,0.171657960915
8.91744402882,-0.380042416163
10.3355017867,-0.0868593957856
8.39333831263,0.932966342683
8.15842377264,0.949732616098
9.89565584299,-0.164891376683
8.02963961641,-0.526464833228
9.72335969421,0.0736993762789
10.3415408511,-0.704092644913
9.27616390801,-0.726696109579
11.0195690918,0.583690449719
8.4988628009,0.476906615141
9.44018843143,-1.31980546698
9.07862815583,2.58233816693
6.71440848839,1.10504816052
10.4052382347,-0.771620315058
8.74385182073,-0.0930471650158
9.9026413915,-0.681738280839
9.07899729997,-1.39502149342
10.0796425165,-0.855865437637
8.56579538245,1.10222988867
9.1868967992,-2.91675426658
10.1409866356,0.93433876425
8.35192606476,-2.30208951547
9.98441612377,1.39670530333
9.37001708048,-1.92726962575
7.65035783432,1.01213116488
8.62431371952,-1.99230708675
7.96736286592,0.483572869732
10.032247287,-0.66523284143
8.04867809335,-0.600072898666
10.1432318689,-0.321914036195
8.63124325077,0.909960731666
9.25391718355,-0.220645164662
9.36470384315,0.544151142264
10.2095106108,0.616279733123
9.76914579239,0.364777234997
8.3330783505,0.0824741086204
9.42794807875,-0.176379404983
10.1348504198,-0.0499268858405
9.63020157028,1.36481259737
11.1171152641,-1.17551416402
9.52083304627,-0.161952793444
8.21100195414,-0.902996208694
10.4066799564,0.0987354265811
9.46294670921,1.84201562801
8.74914800969,-0.531036441197
9.26492327528,-1.64667887477
9.96181146643,0.0906563530922
8.70226111461,-1.00224137972
8.59366206429,0.203311496257
10.4486584132,1.02366312009
7.72203258985,-0.545887604796
9.57812764626,-1.19541931995
8.70743909243,-0.750186293691
9.61693503995,1.55724698251
10.3209094025,0.8886035864
9.71175329117,-0.0390382050791
10.5243898512,0.325029051871
9.51408204775,-0.570868106297
8.94003225349,-0.224219018957
8.69325421015,-0.564754607704
8.08851042298,0.420511894878
10.0322541438,-1.86950251981
8.31650699055,1.95056726611
9.16863300631,0.474626692979
7.11040746015,-0.770941627784
10.1597908988,-1.02657352664
9.87200840781,-0.388467463004
7.91047095139,1.27332330804
8.61069604863,0.788971118495
9.97245469582,-0.654697712763
8.58935770325,0.455918146176
